{ "pessoas" :[
    {"id":1,"nome":"Layton Serjeantson","email":"lserjeantson0@imageshack.us","idade":18,"login":"lserjeantson0","senha":"C7ZZmUj","status":false},
    {"id":2,"nome":"Rusty Crowley","email":"rcrowley1@phoca.cz","idade":21,"login":"rcrowley1","senha":"59kBT4DX","status":true},
    {"id":3,"nome":"Stewart Secrett","email":"ssecrett2@privacy.gov.au","idade":78,"login":"ssecrett2","senha":"Zn2uqJU24tPz","status":true},
    {"id":4,"nome":"Oswell Nussey","email":"onussey3@myspace.com","idade":79,"login":"onussey3","senha":"o4WNrJs9d","status":false},
    {"id":5,"nome":"Erskine Jerram","email":"ejerram4@gizmodo.com","idade":73,"login":"ejerram4","senha":"QurAMJfmhj2","status":true},
    {"id":6,"nome":"Lilllie Stennard","email":"lstennard5@slate.com","idade":34,"login":"lstennard5","senha":"UXOvKrGM5xWM","status":true},
    {"id":7,"nome":"Elladine Szanto","email":"eszanto6@a8.net","idade":59,"login":"eszanto6","senha":"pxHEAnQvMf","status":false},
    {"id":8,"nome":"Saunders Duffin","email":"sduffin7@facebook.com","idade":23,"login":"sduffin7","senha":"6kC2eRzdr1O","status":false},
    {"id":9,"nome":"Cecil De Biasi","email":"cde8@shareasale.com","idade":80,"login":"cde8","senha":"ewBYz8iJB2","status":true},
    {"id":10,"nome":"Anatole Mustin","email":"amustin9@printfriendly.com","idade":48,"login":"amustin9","senha":"gqcS2d00uh1T","status":true},
    {"id":11,"nome":"Brinna Sheehan","email":"bsheehana@sciencedaily.com","idade":78,"login":"bsheehana","senha":"HjrTJZ9","status":true},
    {"id":12,"nome":"Ralina Threader","email":"rthreaderb@washingtonpost.com","idade":77,"login":"rthreaderb","senha":"yu61wwJhgtS7","status":false},
    {"id":13,"nome":"Loreen de Nore","email":"ldec@fda.gov","idade":37,"login":"ldec","senha":"v1CE8XZMZYYN","status":false},
    {"id":14,"nome":"Tabatha Vahl","email":"tvahld@senate.gov","idade":85,"login":"tvahld","senha":"u0Mw04","status":false},
    {"id":15,"nome":"Marabel Broomhead","email":"mbroomheade@state.tx.us","idade":80,"login":"mbroomheade","senha":"GI98jNj","status":false},
    {"id":16,"nome":"Jany Thoresbie","email":"jthoresbief@msu.edu","idade":99,"login":"jthoresbief","senha":"jTnQxk","status":false},
    {"id":17,"nome":"Damita Crippell","email":"dcrippellg@hostgator.com","idade":83,"login":"dcrippellg","senha":"NIslnOdHAo","status":true},
    {"id":18,"nome":"Isidoro Llywarch","email":"illywarchh@geocities.jp","idade":28,"login":"illywarchh","senha":"miuKLyF071","status":true},
    {"id":19,"nome":"Veda Domm","email":"vdommi@topsy.com","idade":18,"login":"vdommi","senha":"acHlRXpuw9LX","status":true},
    {"id":20,"nome":"Skell Crandon","email":"scrandonj@intel.com","idade":38,"login":"scrandonj","senha":"ENZWaqGVOK8","status":false}
  ]
}